{"cameraMode":{"drawMode":0,"name":"Shaded","section":"Shading Mode"},"sceneLighting":false,"audioPlay":false,"sceneViewState":{"m_AlwaysRefresh":false,"showFog":true,"showSkybox":false,"showFlares":true,"showImageEffects":true,"showParticleSystems":true,"showVisualEffectGraphs":true,"m_FxEnabled":true},"in2DMode":false,"pivot":{"x":0.10370570421218872,"y":2.9429008960723879,"z":0.7056803703308106},"rotation":{"x":-0.01291121356189251,"y":-0.9865573644638062,"z":0.13038387894630433,"w":-0.09769456088542938},"size":2.3353731632232668,"orthographic":false}