{"cameraMode":{"drawMode":0,"name":"Shaded","section":"Shading Mode"},"sceneLighting":false,"audioPlay":false,"sceneViewState":{"m_AlwaysRefresh":false,"showFog":true,"showSkybox":false,"showFlares":true,"showImageEffects":true,"showParticleSystems":true,"showVisualEffectGraphs":true,"m_FxEnabled":true},"in2DMode":false,"pivot":{"x":-0.26490357518196108,"y":0.68441241979599,"z":0.2787017822265625},"rotation":{"x":0.13038982450962068,"y":-0.24563361704349519,"z":0.033363956958055499,"w":0.9599784016609192},"size":1.061551809310913,"orthographic":false}