{"cameraMode":{"drawMode":0,"name":"Shaded","section":"Shading Mode"},"sceneLighting":false,"audioPlay":false,"sceneViewState":{"m_AlwaysRefresh":false,"showFog":true,"showSkybox":false,"showFlares":true,"showImageEffects":true,"showParticleSystems":true,"showVisualEffectGraphs":true,"m_FxEnabled":true},"in2DMode":false,"pivot":{"x":-1.0866461992263795,"y":0.27155226469039919,"z":-0.2729724943637848},"rotation":{"x":0.02305636741220951,"y":0.48670005798339846,"z":-0.012849031016230584,"w":0.8731747269630432},"size":0.4632872939109802,"orthographic":false}