{"cameraMode":{"drawMode":0,"name":"Shaded","section":"Shading Mode"},"sceneLighting":false,"audioPlay":false,"sceneViewState":{"m_AlwaysRefresh":false,"showFog":true,"showSkybox":false,"showFlares":true,"showImageEffects":true,"showParticleSystems":true,"showVisualEffectGraphs":true,"m_FxEnabled":true},"in2DMode":false,"pivot":{"x":-9.65999984741211,"y":1.6598412990570069,"z":12.211677551269532},"rotation":{"x":0.13038982450962068,"y":-0.24563361704349519,"z":0.033363956958055499,"w":0.9599784016609192},"size":2.8975048065185549,"orthographic":false}